Region,Total Profit,Total Sales,Profit Margin
West,57450.604,362880.773,0.15831812615765123
East,41190.984300000004,350908.167,0.11738394307591023
South,26913.572799999998,195580.971,0.13760834023060453
Central,8564.0481,252031.434,0.03398007924678157
